{"elementor_pro_theme_builder_conditions":{"archive":{"5628":["include\/archive\/post_tag"],"5623":["include\/archive\/author"],"5527":["include\/archive\/category"],"5371":["include\/archive\/search"]},"single":{"5143":["include\/singular\/not_found404"],"1792":["include\/singular\/post"],"458":["include\/singular\/post"]},"header":{"3623":["include\/singular\/page\/1104"],"67":["include\/general"]},"footer":{"381":["include\/general"]}},"elementor_allow_svg":"1","elementor_cpt_support":["post","page"],"elementor_active_kit":"1675","elementor_scheme_color":{"1":"#6ec1e4","2":"#54595f","3":"#7a7a7a","4":"#61ce70"},"elementor_scheme_color-picker":{"1":"#6ec1e4","2":"#54595f","3":"#7a7a7a","4":"#61ce70","5":"#4054b2","6":"#23a455","7":"#000","8":"#fff"},"elementor_scheme_typography":{"1":{"font_family":"Roboto","font_weight":"600"},"2":{"font_family":"Roboto Slab","font_weight":"400"},"3":{"font_family":"Roboto","font_weight":"400"},"4":{"font_family":"Roboto","font_weight":"500"}},"elementor_viewport_lg":"","elementor_viewport_md":"","elementor_disable_color_schemes":"yes","elementor_disable_typography_schemes":"yes"}