{"tribe_customizer":false,"tribe_events_calendar_options":{"schema-version":"3.9","freemius_random_seed":20,"recurring_events_are_hidden":"hidden","previous_ecp_versions":["0","4.9.10","4.9.11","4.9.12","4.9.13","4.9.14","5.0.0","5.0.0.1","5.0.0.2"],"latest_ecp_version":"5.0.1","last-update-message-the-events-calendar":"5.0.1","front_page_event_archive":false,"ticket-enabled-post-types":["tribe_events"],"event-tickets-schema-version":"4.11.3.1","tribeEnableViews":["list","month","day"],"previous_event_tickets_versions":["0"],"latest_event_tickets_version":"4.11.3.1","last-update-message-event-tickets":"4.11.3.1"}}