{"gridlove_default_sidebar":{"gridlove_category_widget-6":{"title":"Topics","categories":["2","73","4","3","6"],"count":1,"type":"count-color","gridlove-highlight":0},"gridlove_posts_widget-2":{"title":"Recent posts","orderby":"date","category":null,"numposts":9,"time":"0","slider":1,"per_slide":3,"auto_detect":0,"meta":[],"manual":[],"format":"0","tag":"","gridlove-highlight":0}},"gridlove_default_sticky_sidebar":{"mks_ads_widget-15":{"title":"","size":"large","num_per_view":1,"rotate":0,"randomize":0,"nofollow":0,"no_target_blank":0,"speed":5,"ad_width":300,"ad_height":250,"ads":[{"link":"#","img":"https:\/\/mekshq.com\/static\/gridlove\/gridlove_ad_300x250.jpg","code":"<a href=\"javascript:void(0);\" class=\"mks-ep-trigger-open\"><img src=\"https:\/\/mekshq.com\/static\/gridlove\/td_gridlove_300.jpg\"\/><\/a>","type":"code"}],"gridlove-highlight":0}},"gridlove_header_sidebar":{"mks_social_widget-6":{"title":"Follow us","content":"Don't be shy, get in touch. We love meeting interesting people and making new friends.","style":"circle","size":44,"target":"_blank","social":[{"icon":"facebook","url":"https:\/\/www.facebook.com\/mekshq"},{"icon":"twitter","url":"https:\/\/twitter.com\/mekshq"},{"icon":"youtube","url":"http:\/\/youtube.com\/"},{"icon":"blogger","url":"http:\/\/blogger.com"}],"gridlove-highlight":0},"gridlove_posts_widget-5":{"title":"Most popular","orderby":"views","category":["4"],"numposts":12,"time":"0","slider":1,"per_slide":3,"auto_detect":0,"meta":[],"manual":[],"format":"0","tag":"","gridlove-highlight":0},"gridlove_posts_widget-6":{"title":"Most discussed","orderby":"comment_count","category":["6"],"numposts":12,"time":"0","slider":1,"per_slide":3,"auto_detect":0,"meta":[],"manual":[],"format":"0","tag":"","gridlove-highlight":0}},"gridlove_sidebar_1":{"text-6":{"title":"Highlight option","text":"Turn on the \"highlight\" option for any widget, to get an alternative styling like this. You can change the colors for highlighted widgets in the theme options. See more examples below.","filter":false,"gridlove-highlight":1},"meks_instagram-2":{"title":"Instagram","username_hashtag":"@natgeo","photos_number":9,"columns":3,"photo_space":1,"container_size":300,"link_text":"Follow","gridlove-highlight":0},"gridlove_posts_widget-3":{"title":"Posts Widget","orderby":"date","category":null,"numposts":5,"time":"0","slider":0,"per_slide":3,"auto_detect":0,"meta":[],"manual":[],"format":"0","tag":"","gridlove-highlight":0},"gridlove_posts_widget-4":{"title":"Post slider","orderby":"date","category":null,"numposts":9,"time":"0","slider":1,"per_slide":3,"auto_detect":0,"meta":[],"manual":[],"format":"0","tag":"","gridlove-highlight":1},"mks_author_widget-6":{"title":"","author":3,"auto_detect":0,"display_name":1,"display_avatar":1,"display_desc":1,"display_all_posts":1,"name_to_title":0,"link_to_name":0,"link_to_avatar":0,"link_text":"View all posts","link_url":"","avatar_size":80,"gridlove-highlight":0},"gridlove_category_widget-4":{"title":"","categories":["2","3","4","73","6"],"count":1,"type":"full-color","gridlove-highlight":0},"gridlove_category_widget-5":{"title":"Categories count color","categories":["2","3","4","73","6"],"count":1,"type":"count-color","gridlove-highlight":0},"mks_ads_widget-17":{"title":"Advertisement","size":"large","num_per_view":1,"rotate":0,"randomize":0,"nofollow":0,"no_target_blank":0,"speed":5,"ad_width":0,"ad_height":0,"ads":[{"link":"#","img":"https:\/\/mekshq.com\/static\/gridlove\/gridlove_ad_300x250.jpg","code":"<a href=\"javascript:void(0);\" class=\"mks-ep-trigger-open\"><img src=\"https:\/\/mekshq.com\/static\/gridlove\/td_gridlove_300.jpg\"\/><\/a>","type":"code"}],"gridlove-highlight":0},"mks_ads_widget-18":{"title":"Small ads","size":"small","num_per_view":4,"rotate":0,"randomize":0,"nofollow":0,"no_target_blank":0,"speed":5,"ad_width":0,"ad_height":0,"ads":[{"img":"https:\/\/mekshq.com\/static\/gridlove\/gridlove_ad_125x125_01.jpg","link":"#"},{"img":"https:\/\/mekshq.com\/static\/gridlove\/gridlove_ad_125x125_02.jpg","link":"#"},{"img":"https:\/\/mekshq.com\/static\/gridlove\/gridlove_ad_125x125_03.jpg","link":"#"},{"img":"https:\/\/mekshq.com\/static\/gridlove\/gridlove_ad_125x125_04.jpg","link":"#"}],"gridlove-highlight":0},"mks_flickr_widget-4":{"title":"Flickr","id":"23100287@N07","count":"9","t_width":"79","t_height":"79","gridlove-highlight":0},"mks_social_widget-3":{"title":"Social Widget","content":"Collaboratively harness market-driven processes whereas resource-leveling internal or \"organic\" sources. ","style":"circle","size":42,"target":"_blank","social":[{"icon":"facebook","url":"http:\/\/mekshq.com"},{"icon":"twitter","url":"http:\/\/mekshq.com"},{"icon":"wordpress","url":"http:\/\/mekshq.com"},{"icon":"pinterest","url":"http:\/\/mekshq.com"}],"gridlove-highlight":0},"mks_themeforest_widget-2":{"title":"ThemeForest","description":"","user":"meks","num_items":6,"exclude":"","ref":"meks","orderby":"uploaded_on","more_link_url":"http:\/\/themeforest.net\/user\/meks\/portfolio?ref=meks","more_link_txt":"View more","order":"desc","items_type":["wordpress","site-templates","psd-templates","cms-themes","ecommerce","blogging","marketing","forums","muse-templates","typeengine-themes"],"items_from":"user","target":"_blank","nofollow":0,"gridlove-highlight":0}},"gridlove_sidebar_2":{"woocommerce_top_rated_products-2":{"title":"Top Rated Products","number":5,"gridlove-highlight":0},"woocommerce_product_categories-2":{"title":"Product Categories","orderby":"name","dropdown":0,"count":1,"hierarchical":1,"show_children_only":0,"hide_empty":0,"gridlove-highlight":0}},"gridlove_sidebar_3":{"bbp_search_widget-2":{"title":"Search Forums","gridlove-highlight":0},"bbp_stats_widget-3":{"title":"Forum Statistics","gridlove-highlight":0},"bbp_login_widget-3":{"title":"","register":"https:\/\/demo.mekshq.com\/gridlove\/dc\/?forum=forum","lostpass":"https:\/\/demo.mekshq.com\/gridlove\/dc\/?forum=forum","gridlove-highlight":0}},"gridlove_sidebar_4":{"woocommerce_product_search-2":{"title":"Search Products","gridlove-highlight":0},"woocommerce_recently_viewed_products-4":{"title":"Recently Viewed Products","number":3,"gridlove-highlight":0},"woocommerce_recent_reviews-4":{"title":"Recent Reviews","number":5,"gridlove-highlight":0}},"gridlove_footer_sidebar_1":{"text-4":{"title":"","text":"<img width=\"159\" src=\"https:\/\/mekshq.com\/static\/gridlove\/gridlove_logo_invert.png\" alt=\"Gridlove\"\/>\r\n\r\nGridlove is an attractive WordPress theme based on a grid framework. With many layouts to choose from you\u2019ll have your website running in no time.\r\n","filter":true,"gridlove-highlight":0},"mks_social_widget-5":{"title":"","content":"","style":"circle","size":40,"target":"_blank","social":[{"icon":"facebook","url":""},{"icon":"twitter","url":""},{"icon":"pinterest","url":""},{"icon":"vine","url":""}],"gridlove-highlight":0}},"gridlove_footer_sidebar_2":{"text-5":{"title":"Email Newsletter","text":"<div id=\"mc_embed_signup\">\r\n<form action=\"https:\/\/mekshq.us8.list-manage.com\/subscribe\/post?u=7b0c01faab4ec7b36214565c5&amp;id=2f153d325c\" method=\"post\" id=\"mc-embedded-subscribe-form\" name=\"mc-embedded-subscribe-form\" class=\"validate\" target=\"_blank\" novalidate>\r\n    <div id=\"mc_embed_signup_scroll\">\r\n<p>Subscribe to receive inspiration, news, and ideas in your inbox.<\/p>\r\n<div class=\"mc-field-group\">\r\n\r\n\t<input type=\"email\" value=\"\" name=\"EMAIL\" class=\"required email\" id=\"mce-EMAIL\" placeholder=\"Enter your email address\">\r\n<\/div>\r\n\t<div id=\"mce-responses\" class=\"clear\">\r\n\t\t<div class=\"response\" id=\"mce-error-response\" style=\"display:none\"><\/div>\r\n\t\t<div class=\"response\" id=\"mce-success-response\" style=\"display:none\"><\/div>\r\n\t<\/div>    <!-- real people should not fill this in and expect good things - do not remove this or risk form bot signups-->\r\n    <div style=\"position: absolute; left: -5000px;\" aria-hidden=\"true\"><input type=\"text\" name=\"b_7b0c01faab4ec7b36214565c5_2f153d325c\" tabindex=\"-1\" value=\"\"><\/div>\r\n    <div class=\"clear sub-menu\"><input type=\"submit\" value=\"Subscribe\" name=\"subscribe\" id=\"mc-embedded-subscribe\" class=\"gridlove-button-search\"><\/div>\r\n    <\/div>\r\n<\/form>\r\n<\/div>\r\n\r\n<!--End mc_embed_signup-->","filter":false,"gridlove-highlight":0,"visual":false}},"gridlove_footer_sidebar_3":{"nav_menu-4":{"title":"Help & Support","nav_menu":74,"gridlove-highlight":0}},"gridlove_footer_sidebar_4":{"text-7":{"title":"","text":"<a href=\"javascript:void(0);\" class=\"mks-ep-trigger-open\"><img src=\"https:\/\/mekshq.com\/static\/gridlove\/td_gridlove_248.jpg\"\/><\/a>","filter":false,"gridlove-highlight":0,"visual":false}}}