[{"id":"2384","field_id":4,"fields":{"0":{"id":"0","type":"name","label":"Your Name","format":"simple","description":"","required":"1","size":"large","simple_placeholder":"","simple_default":"","first_placeholder":"","first_default":"","middle_placeholder":"","middle_default":"","last_placeholder":"","last_default":"","css":""},"1":{"id":"1","type":"email","label":"Your Email","description":"","required":"1","size":"large","placeholder":"","confirmation_placeholder":"","default_value":"","css":""},"3":{"id":"3","type":"text","label":"Subject","description":"","size":"large","placeholder":"","default_value":"","css":"","input_mask":""},"2":{"id":"2","type":"textarea","label":"Your Message","description":"","required":"1","size":"medium","placeholder":"","css":""}},"settings":{"form_title":"Contact Form 1","form_desc":"","form_class":"","submit_text":"Send","submit_text_processing":"Sending...","submit_class":"","honeypot":"1","notification_enable":"1","notifications":{"1":{"email":"{admin_email}","subject":"New Entry: Contact Form 1","sender_name":"Gridlove","sender_address":"{admin_email}","replyto":"{field_id=\"1\"}","message":"{all_fields}"}},"confirmations":{"1":{"type":"message","message":"<p>Thanks for contacting us! We will be in touch with you shortly.<\/p>","message_scroll":"1","page":"2234","redirect":""}}},"meta":{"template":"contact"}}]